{
    "AFRO:NIGERIA:ABIA": 0.8851174934725848,
    "AFRO:NIGERIA:ADAMAWA": 1.140992167101828,
    "AFRO:NIGERIA:AKWA_IBOM": 0.741514360313316,
    "AFRO:NIGERIA:ANAMBRA": 1.0026109660574414,
    "AFRO:NIGERIA:BAUCHI": 1.1853785900783291,
    "AFRO:NIGERIA:BAYELSA": 0.793733681462141,
    "AFRO:NIGERIA:BENUE": 1.0339425587467364,
    "AFRO:NIGERIA:BORNO": 0.968668407310705,
    "AFRO:NIGERIA:CROSS_RIVER": 0.7806788511749347,
    "AFRO:NIGERIA:DELTA": 0.7676240208877285,
    "AFRO:NIGERIA:EBONYI": 1.0652741514360313,
    "AFRO:NIGERIA:EDO": 0.772845953002611,
    "AFRO:NIGERIA:EKITI": 0.8407310704960836,
    "AFRO:NIGERIA:ENUGU": 0.8250652741514362,
    "AFRO:NIGERIA:FCT_ABUJA": 0.9503916449086163,
    "AFRO:NIGERIA:GOMBE": 1.1383812010443866,
    "AFRO:NIGERIA:IMO": 0.8067885117493473,
    "AFRO:NIGERIA:JIGAWA": 1.2114882506527416,
    "AFRO:NIGERIA:KADUNA": 1.2114882506527416,
    "AFRO:NIGERIA:KANO": 1.122715404699739,
    "AFRO:NIGERIA:KATSINA": 1.2036553524804179,
    "AFRO:NIGERIA:KEBBI": 1.2010443864229765,
    "AFRO:NIGERIA:KOGI": 0.9817232375979114,
    "AFRO:NIGERIA:KWARA": 0.8851174934725848,
    "AFRO:NIGERIA:LAGOS": 0.7493472584856398,
    "AFRO:NIGERIA:NASARAWA": 1.0234986945169715,
    "AFRO:NIGERIA:NIGER": 1.140992167101828,
    "AFRO:NIGERIA:OGUN": 0.7806788511749347,
    "AFRO:NIGERIA:ONDO": 0.7441253263707572,
    "AFRO:NIGERIA:OSUN": 0.741514360313316,
    "AFRO:NIGERIA:OYO": 0.8433420365535248,
    "AFRO:NIGERIA:PLATEAU": 0.8720626631853786,
    "AFRO:NIGERIA:RIVERS": 0.8694516971279374,
    "AFRO:NIGERIA:SOKOTO": 1.1618798955613578,
    "AFRO:NIGERIA:TARABA": 1.0783289817232375,
    "AFRO:NIGERIA:YOBE": 0.9712793733681464,
    "AFRO:NIGERIA:ZAMFARA": 1.1488250652741516
}
