{
    "AFRO:NIGERIA:ABIA": 0.3611747104550419,
    "AFRO:NIGERIA:ADAMAWA": 0.8361022701870329,
    "AFRO:NIGERIA:AKWA_IBOM": 0.4547354854727087,
    "AFRO:NIGERIA:ANAMBRA": 0.2585514682653593,
    "AFRO:NIGERIA:BAUCHI": 1.1747778368294848,
    "AFRO:NIGERIA:BAYELSA": 0.27165679487291367,
    "AFRO:NIGERIA:BENUE": 0.3085620907097082,
    "AFRO:NIGERIA:BORNO": 1.0340333446674272,
    "AFRO:NIGERIA:CROSS_RIVER": 0.325921277461271,
    "AFRO:NIGERIA:DELTA": 0.32330334401341587,
    "AFRO:NIGERIA:EBONYI": 0.441309511973228,
    "AFRO:NIGERIA:EDO": 0.2598885265571555,
    "AFRO:NIGERIA:EKITI": 0.27831145216295083,
    "AFRO:NIGERIA:ENUGU": 0.2435418906703795,
    "AFRO:NIGERIA:FCT_ABUJA": 0.3109066367494703,
    "AFRO:NIGERIA:GOMBE": 1.1483623935406237,
    "AFRO:NIGERIA:IMO": 0.27326983020020595,
    "AFRO:NIGERIA:JIGAWA": 1.19018992147515,
    "AFRO:NIGERIA:KADUNA": 1.1517766240288136,
    "AFRO:NIGERIA:KANO": 1.1625466540568687,
    "AFRO:NIGERIA:KATSINA": 1.1889529844497608,
    "AFRO:NIGERIA:KEBBI": 1.1764888025054228,
    "AFRO:NIGERIA:KOGI": 0.5894764387955611,
    "AFRO:NIGERIA:KWARA": 0.6418854571383572,
    "AFRO:NIGERIA:LAGOS": 0.32858664149260325,
    "AFRO:NIGERIA:NASARAWA": 0.566905933184929,
    "AFRO:NIGERIA:NIGER": 0.9522197964335404,
    "AFRO:NIGERIA:OGUN": 0.45931853051822247,
    "AFRO:NIGERIA:ONDO": 0.35795629828781483,
    "AFRO:NIGERIA:OSUN": 0.4039944267919963,
    "AFRO:NIGERIA:OYO": 0.4283743219952182,
    "AFRO:NIGERIA:PLATEAU": 0.5449044877769624,
    "AFRO:NIGERIA:RIVERS": 0.2598885265571555,
    "AFRO:NIGERIA:SOKOTO": 1.1790918512946758,
    "AFRO:NIGERIA:TARABA": 0.6836274771363509,
    "AFRO:NIGERIA:YOBE": 1.1889529844497608,
    "AFRO:NIGERIA:ZAMFARA": 1.1421595614702242
}
